{"cameraMode":{"drawMode":0,"name":"Shaded","section":"Shading Mode"},"sceneLighting":false,"audioPlay":false,"sceneViewState":{"showFog":true,"showMaterialUpdate":false,"showSkybox":true,"showFlares":true,"showImageEffects":true,"showParticleSystems":true},"in2DMode":false,"pivot":{"x":-0.2258291244506836,"y":0.10850682109594345,"z":-1.2969341278076172},"rotation":{"x":0.08459772169589997,"y":0.15686377882957459,"z":-0.012163241393864155,"w":0.9839151501655579},"size":0.4851781129837036,"orthographic":false}