{"cameraMode":{"drawMode":0,"name":"Shaded","section":"Shading Mode"},"sceneLighting":true,"audioPlay":false,"sceneViewState":{"showFog":true,"showMaterialUpdate":false,"showSkybox":true,"showFlares":true,"showImageEffects":true,"showParticleSystems":true},"in2DMode":false,"pivot":{"x":-1.8311859369277955,"y":-1.6965322494506837,"z":60.3780632019043},"rotation":{"x":-0.14921143651008607,"y":-0.08267495036125183,"z":0.012520359829068184,"w":-0.985263466835022},"size":1.5307401418685914,"orthographic":false}