{"cameraMode":{"drawMode":0,"name":"Shaded","section":"Shading Mode"},"sceneLighting":false,"audioPlay":false,"sceneViewState":{"showFog":true,"showMaterialUpdate":false,"showSkybox":true,"showFlares":true,"showImageEffects":true,"showParticleSystems":true},"in2DMode":false,"pivot":{"x":-0.5855599641799927,"y":-0.5445278882980347,"z":-0.796159565448761},"rotation":{"x":0.31695592403411868,"y":-0.22790969908237458,"z":0.08018303662538529,"w":0.9171515107154846},"size":1.3118433952331544,"orthographic":false}