{"cameraMode":{"drawMode":0,"name":"Shaded","section":"Shading Mode"},"sceneLighting":false,"audioPlay":false,"sceneViewState":{"showFog":true,"showMaterialUpdate":false,"showSkybox":true,"showFlares":true,"showImageEffects":true,"showParticleSystems":true},"in2DMode":false,"pivot":{"x":-1.6541416645050049,"y":-0.5071262717247009,"z":73.9526596069336},"rotation":{"x":-0.0023207911290228369,"y":-0.1312076449394226,"z":0.00005273674469208345,"w":-0.9913522601127625},"size":1.3549225330352784,"orthographic":false}