{"cameraMode":{"drawMode":0,"name":"Shaded","section":"Shading Mode"},"sceneLighting":true,"audioPlay":false,"sceneViewState":{"showFog":true,"showMaterialUpdate":false,"showSkybox":true,"showFlares":true,"showImageEffects":true,"showParticleSystems":true},"in2DMode":false,"pivot":{"x":-1.8011059761047364,"y":-1.646664023399353,"z":73.98019409179688},"rotation":{"x":-0.12271639704704285,"y":-0.28276216983795168,"z":0.03623734414577484,"w":-0.950617253780365},"size":8.165018081665039,"orthographic":false}